01748533677,61.88,6700.6005859375,874,0,Germana,13.5,170,11,1,2018-09-02 16:56:01.511294+06
01770569461,178.25,13884.59375,656,0,Kellsie,34.46666666666667,132,13,3,2018-10-23 15:16:54.871634+06
01732310706,128.93,7231.9189453125,431,0,Penni,123.71666666666667,86,13,1,2018-10-22 05:31:32.008754+06
01714312150,127.9,3136.4658203125,702,0,Faustine,30.266666666666666,20,13,4,2019-01-21 08:53:23.696474+06
01762464967,177.13,443.2900390625,968,0,Jeanna,76.68333333333334,198,13,2,2018-12-11 01:55:12.065474+06
01719560267,47.45,5865.26171875,176,0,Carolyn,59.666666666666664,72,11,1,2019-01-13 15:40:04.544354+06
01769129133,115.46,3290.9423828125,677,0,Kaitlynn,172.53333333333333,176,13,2,2018-08-13 19:17:42.188414+06
01702254277,162.59,16867.162109375,470,0,Hilde,50.45,61,13,2,2018-09-10 04:53:39.971894+06
01707707304,1.51,18312.51171875,279,0,Lonee,138.91666666666666,11,11,2,2019-01-25 02:16:32.423114+06
01781527844,52.1,13423.49609375,578,0,Karyn,119.61666666666666,49,12,3,2018-10-13 10:34:12.939014+06
01745277803,125.76,7526.4951171875,713,0,Cookie,8.666666666666666,48,12,3,2018-11-02 20:05:03.858494+06
01748339303,185.1,9877.6220703125,323,0,Jasmine,68.66666666666667,67,11,2,2018-12-18 14:53:13.145054+06
01753895211,152.73,6562.892578125,129,0,Liza,78.78333333333333,157,12,2,2018-12-22 00:30:05.214554+06
01798940903,97.18,4418.048828125,62,0,Wilone,35.8,38,12,4,2019-01-19 23:19:57.998054+06
01705503154,140.87,5608.7236328125,685,0,Seka,120.51666666666667,185,10,4,2018-10-11 00:47:11.518214+06
01724315367,44.8,242.7197265625,379,0,Alayne,196.2,96,12,1,2018-12-25 11:57:02.578454+06
01716197430,78.04,3366.876953125,248,0,Sileas,134.53333333333333,116,11,1,2018-09-05 18:28:56.772614+06
01749516553,182.21,17332.52734375,576,0,Barbara,177.7,23,12,4,2018-08-11 10:52:11.121374+06
01784706028,153.26,5878.7685546875,476,0,Lindie,124.61666666666666,140,10,3,2018-12-13 07:57:46.829114+06
01717483442,123.91,11959.515625,712,0,Tabbi,111.4,190,10,2,2018-08-22 15:22:58.389914+06
01751282915,179.71,14648.5927734375,361,0,Melva,96.68333333333334,147,13,3,2019-01-27 02:39:35.816174+06
01766195067,151.55,5142.9130859375,194,0,Rosemaria,104.9,56,13,2,2018-11-01 23:56:13.760654+06
01759441097,143.27,4591.45703125,464,0,Lilli,194.25,53,11,0,minus
01745795322,181.33,2186.8955078125,875,0,Merl,163.3,189,13,1,2019-01-10 10:29:35.577014+06
01787952180,80.25,5232.048828125,213,0,Ronica,15.933333333333334,192,11,1,2018-08-21 00:06:22.990274+06
01714734420,152.96,185.69921875,315,0,Larisa,81.58333333333333,117,11,3,2018-11-02 10:38:20.822774+06
01739904487,98.28,10100.5771484375,896,0,Bobette,162.61666666666667,173,12,3,2018-12-10 10:55:49.437254+06
01715118850,37.9,8268.6015625,132,0,Marylee,122.0,150,11,3,2018-09-28 03:02:59.229554+06
01749409083,60.42,9874.83984375,167,0,Ethelyn,98.85,45,12,1,2018-10-08 16:31:09.256574+06
01788845246,136.97,10882.5966796875,141,0,Rianon,109.53333333333333,166,12,4,2018-08-18 15:46:20.954594+06
01700790806,111.26,3838.99609375,383,0,Stephi,188.53333333333333,96,10,3,2018-08-17 00:04:23.851694+06
01730756753,148.93,18510.7529296875,817,0,Mickie,14.216666666666667,123,13,3,2018-11-08 21:44:40.374554+06
01779334175,123.17,14220.6669921875,909,0,Ali,183.01666666666668,172,11,4,2018-08-11 15:17:20.724854+06
01789587666,158.24,10838.650390625,230,0,Ingunna,78.68333333333334,14,11,1,2018-10-31 22:07:45.926714+06
01786378667,102.36,4864.2958984375,425,0,Dynah,198.0,195,12,3,2018-12-29 03:25:19.547534+06
01704174380,104.58,5484.31640625,990,0,Ariel,173.33333333333334,84,12,2,2018-10-28 22:34:28.371494+06
01767815168,29.54,2351.986328125,223,0,Cecil Makuch  ,189.86666666666667,96,12,3,2018-12-27 19:22:58.577474+06
01732488690,67.79,9507.7333984375,919,0,Sharon,160.6,98,10,2,2018-09-19 12:21:58.007654+06
01781152678,181.98,18103.42578125,873,0,Madalena,71.23333333333333,4,11,1,2018-08-22 00:31:47.635814+06
01767512018,7.16,10943.166015625,682,0,Lydie,175.03333333333333,23,11,3,2019-02-01 21:21:35.367434+06
01773087394,12.01,5069.8154296875,255,0,Shoshanna,47.53333333333333,106,13,3,2018-11-28 12:47:49.230914+06
01763414664,124.6,11913.662109375,363,0,Flossi,137.96666666666667,170,12,4,2018-08-14 12:56:56.219234+06
01784879426,68.4,9394.9384765625,352,0,Vella Carswell,153.33333333333334,109,12,2,2018-10-20 14:55:08.147054+06
01708031236,62.82,3977.9111328125,378,0,Willie,80.23333333333333,109,11,4,2018-09-18 09:33:36.942794+06
01706266351,124.13,5267.103515625,69,0,Daria,29.133333333333333,121,10,2,2018-10-18 22:20:48.879014+06
01793550828,144.63,16286.375,32,0,Tiff,179.61666666666667,152,13,0,minus
01731281377,121.88,3044.982421875,412,0,Maighdiln,150.65,1,11,1,2018-12-29 07:29:18.012434+06
01751570126,91.48,836.427734375,671,0,Maddalena,93.05,24,10,4,2018-09-15 03:19:19.771634+06
01795329057,31.45,285.822265625,809,0,Carri,110.0,50,12,1,2019-01-21 21:36:15.148934+06
01742492263,64.03,5579.6640625,980,0,Jeannette,22.3,108,12,0,minus
01718733514,135.65,19122.8408203125,723,0,Robbi,3.5833333333333335,142,13,4,2018-08-21 14:18:29.773934+06
01724951690,104.56,5845.88671875,901,0,Gipsy,187.0,187,13,1,2018-09-23 16:26:38.274494+06
01730388368,141.49,12638.0322265625,943,0,Hyun Moralez,32.18333333333333,97,10,0,minus
01715239451,64.6,14484.0703125,857,0,Reeta,186.28333333333333,161,11,3,2018-09-22 10:41:03.427574+06
01759090368,102.93,197.576171875,710,0,Shirlee,122.5,170,10,3,2018-12-31 01:09:56.363534+06
01721797708,118.32,5133.9482421875,120,0,Engracia,42.75,156,12,0,minus
01726106914,109.12,431.1708984375,213,0,Gui,139.81666666666666,125,11,0,minus
01711744118,199.15,14060.0419921875,883,0,Lana,53.43333333333333,170,10,4,2018-09-27 18:25:55.371314+06
01778989648,192.16,10000.1025390625,147,0,Shanon,93.28333333333333,110,10,2,2018-12-09 15:09:55.645694+06
01719296457,109.41,19786.212890625,793,0,Abbi,67.43333333333334,84,10,0,minus
01781742976,130.86,1901.5224609375,599,0,Scarlett,138.13333333333333,188,13,4,2019-02-04 07:47:32.770814+06
01791656427,107.9,2649.494140625,390,0,Maggy,138.81666666666666,33,11,0,minus
01753064734,97.09,6549.6923828125,864,0,Gilda,180.73333333333332,178,13,1,2018-12-31 04:59:06.072854+06
01777825848,179.71,11873.498046875,809,0,Mel,136.2,187,11,2,2018-12-18 17:22:48.082394+06
01700092933,124.01,19568.2490234375,893,0,Caterina,16.8,172,12,2,2018-09-06 18:41:46.334894+06
01760359193,31.5,1622.0390625,848,0,Poppy,70.83333333333333,173,13,2,2018-10-04 18:57:24.850574+06
01768747133,122.26,12058.505859375,745,0,Tamra,109.7,134,12,1,2018-11-08 07:28:54.231914+06
01724582378,176.76,18864.0244140625,248,0,Arden,104.21666666666667,79,12,3,2018-12-01 17:01:32.179214+06
01751174293,75.71,408.259765625,229,0,Corrianne,49.71666666666667,92,11,0,minus
01756024600,89.92,19418.955078125,409,0,Brittni,134.03333333333333,18,11,1,2018-11-15 17:42:05.923754+06
01748143867,60.72,4237.5849609375,354,0,Aveline,63.18333333333333,60,11,4,2018-11-25 03:47:44.888594+06
01781772111,103.95,13800.1416015625,53,0,Dwayne Soltis  ,159.81666666666666,123,11,3,2018-12-06 00:50:19.832234+06
01736841828,64.11,9318.65234375,823,0,Geri,133.36666666666667,149,10,4,2018-09-11 06:02:06.638414+06
01739850827,67.32,11135.9296875,802,0,Johanna,27.116666666666667,116,12,4,2019-01-27 09:10:35.312474+06
01706604167,151.27,19547.3583984375,176,0,Blanche,197.48333333333332,165,10,0,minus
01727174920,112.18,9477.8115234375,695,0,Hetti,193.33333333333334,87,12,4,2018-12-11 09:36:09.206954+06
01730107234,142.44,7200.3291015625,977,0,Frances,115.93333333333334,130,10,4,2018-10-29 17:47:46.202594+06
01795762226,33.93,14511.7080078125,290,0,Jessalyn,175.01666666666668,30,13,3,2019-01-12 23:59:59.679554+06
01740087835,159.56,4163.4228515625,531,0,Erika,12.35,1,13,1,2018-11-07 17:51:30.215474+06
01771115756,94.15,18479.5087890625,337,0,Sharona,112.08333333333333,79,11,1,2018-12-01 07:50:59.385614+06
01715683328,97.56,15471.87109375,950,0,Bee,49.6,54,10,2,2018-08-26 03:42:23.958854+06
01745774098,105.3,15406.7236328125,160,0,Alis,199.58333333333334,104,13,0,minus
01725419329,113.55,9894.3310546875,428,0,Georgette,51.766666666666666,129,12,4,2018-10-19 02:40:42.479354+06
01734115671,14.71,18908.89453125,663,0,Bridie,171.26666666666668,114,13,2,2019-01-02 16:51:34.994114+06
01758433230,87.73,14751.6708984375,645,0,Bibbye,29.1,100,11,3,2018-10-20 04:12:58.745834+06
01788763866,2.49,12747.3095703125,549,0,Kemberly Delahanty,16.916666666666668,21,11,3,2018-08-31 11:02:38.693894+06
01731320677,196.31,13346.7373046875,12,0,Tashia Coleman,74.55,12,10,1,2018-12-18 12:56:14.052074+06
01719867654,25.89,9138.26953125,471,0,Winifred,174.31666666666666,5,13,3,2019-01-14 00:53:01.496714+06
01726730727,112.2,4258.2373046875,159,0,Annmarie,194.7,16,11,1,2018-11-09 22:41:58.238474+06
01792372284,148.99,17570.251953125,954,0,Maribelle,2.1,3,10,4,2018-10-28 05:04:31.421774+06
01799987177,43.03,7367.01953125,295,0,Annecorinne,74.35,1,10,0,minus
01793450028,172.0,8688.072265625,827,0,Isidora,62.88333333333333,139,11,0,minus
01769224773,34.23,11998.0498046875,297,0,Mae,154.78333333333333,155,10,2,2018-08-10 13:25:41.898494+06
01788369687,167.6,17654.482421875,386,0,Ruthy,175.78333333333333,126,12,3,2018-11-12 21:18:11.235194+06
01762713477,73.61,13671.6875,567,0,Hyun Mcgaha  ,192.0,180,10,2,2018-08-16 00:27:32.488874+06
01750910172,44.86,15174.1728515625,430,0,Blondie,113.73333333333333,146,10,3,2019-01-05 16:11:01.512194+06
01716831000,149.86,19753.6181640625,623,0,Caresa,59.1,43,11,4,2018-09-21 17:59:28.789214+06
01771630516,79.05,12047.6884765625,191,0,Rikki,49.03333333333333,108,12,1,2018-12-15 16:05:23.522054+06
01727197227,169.79,4993.005859375,168,0,Erna,12.7,72,13,1,2018-09-17 22:06:41.504174+06
01751995560,190.76,8246.72265625,6,0,Lois,123.15,56,10,4,2019-01-05 06:10:43.457654+06
01753965037,122.67,4745.4482421875,153,0,Timmie,134.0,7,12,1,2018-11-01 00:54:05.005934+06
01788682005,66.08,18850.6298828125,430,0,Malcom Quillin  ,140.61666666666667,21,11,4,2018-08-20 01:43:50.077874+06
01777684539,173.82,15984.224609375,759,0,Tricia,92.03333333333333,30,10,2,2018-11-26 11:49:25.926374+06
01747199010,88.92,8371.84375,124,0,Lorrayne,94.85,132,10,4,2018-10-02 04:04:03.686474+06
01731558756,121.38,14058.5263671875,463,0,Rory,37.4,48,11,3,2018-09-29 10:50:10.478534+06
01715315053,189.35,13861.6884765625,739,0,Brinn,154.83333333333334,191,10,2,2018-08-10 17:44:45.826214+06
01703444628,44.06,4099.5849609375,864,0,Thomasine,32.95,65,10,2,2018-10-01 00:57:15.455474+06
01718074062,98.2,2943.7626953125,975,0,Miquela,57.15,92,12,3,2018-10-12 16:31:36.024014+06
01756469097,6.19,12632.4150390625,9,0,Geraldine,191.73333333333332,39,10,4,2019-01-24 03:49:28.342514+06
01737373264,158.08,6969.2060546875,232,0,Orly,9.783333333333333,131,13,2,2019-01-11 11:42:47.562614+06
01787635181,109.77,16412.8994140625,540,0,Rozanne,23.216666666666665,120,11,4,2019-01-25 17:01:29.202014+06
01700696579,176.94,283.5595703125,722,0,Jeanette,7.733333333333333,102,13,3,2018-09-05 16:52:44.905394+06
01782549678,125.77,11123.2431640625,483,0,Kathye,59.86666666666667,42,10,1,2018-12-29 14:26:14.683154+06
01799279300,16.62,4068.623046875,691,0,Georgeta,182.23333333333332,167,11,4,2019-01-22 19:31:43.174694+06
01778936258,122.72,7333.3564453125,251,0,Ivey Fimbres,161.0,190,13,2,2018-11-10 18:04:49.198574+06
01733469591,115.62,3816.56640625,778,0,Eachelle,5.016666666666667,186,10,1,2018-10-16 05:31:03.882854+06
01777382914,10.68,1265.46875,92,0,Winnah,67.68333333333334,172,13,3,2019-01-05 23:27:00.320174+06
01726092887,143.67,18593.7646484375,163,0,Madella,162.56666666666666,25,10,0,minus
01769997163,177.35,12188.9052734375,848,0,Randee Bailes  ,136.51666666666668,62,11,3,2018-11-13 23:01:23.102354+06
01756144431,51.21,14877.5849609375,349,0,Hally,52.8,172,11,1,2018-08-24 03:47:21.889094+06
01797093543,38.55,2769.8583984375,623,0,Maryellen,2.7,158,12,1,2018-09-01 11:45:07.961534+06
01737120186,20.48,2424.33984375,69,0,Katine,60.03333333333333,51,11,4,2018-09-17 05:46:53.135174+06
01789943220,114.4,3859.9755859375,198,0,Angel,73.56666666666666,196,12,0,minus
01704938919,77.59,9827.5478515625,921,0,Annabal,166.61666666666667,182,12,1,2018-09-22 03:37:05.890214+06
01745330843,124.53,9563.9853515625,585,0,Yolane,171.45,99,12,0,minus
01766827991,94.31,15082.021484375,186,0,Blanche,143.93333333333334,141,11,1,2018-09-07 11:05:59.593334+06
01752962402,26.92,15683.5234375,412,0,Noell,159.55,138,13,1,2018-12-23 08:22:55.228214+06
01785476530,37.57,8579.990234375,246,0,Daria,141.03333333333333,100,11,1,2018-09-21 20:23:39.091154+06
01780960768,181.44,2578.0908203125,814,0,Corinne,156.93333333333334,66,11,1,2018-10-25 20:49:20.788094+06
01784056440,143.58,2793.3896484375,618,0,Linnet,24.75,112,11,3,2018-09-19 12:25:26.199794+06
01756479843,41.78,1263.7451171875,462,0,Kelcey,150.01666666666668,88,11,1,2018-11-14 00:49:58.632554+06
01755364819,4.91,12617.8935546875,985,0,Latia,181.73333333333332,82,10,4,2018-10-25 11:09:36.959894+06
01706626415,190.5,19815.607421875,226,0,Roseanne,82.96666666666667,154,10,0,minus
01748258127,48.68,13661.5732421875,31,0,Meredithe,116.58333333333333,76,11,4,2018-12-14 04:51:32.878574+06
01789954309,166.29,5937.666015625,558,0,Flossy,173.88333333333333,91,10,0,minus
01785166774,96.8,16113.982421875,235,0,Marnia,42.25,145,13,3,2018-12-17 10:01:05.206574+06
01799733066,5.72,16353.89453125,596,0,Gabriella,93.63333333333334,20,13,1,2018-11-10 19:41:51.354194+06
01704777138,128.47,16482.224609375,916,0,Boyd Berryhill,176.28333333333333,185,13,3,2018-08-30 22:42:33.227954+06
01780010211,139.82,11338.9248046875,978,0,Kamila,127.05,1,12,0,minus
01713593521,8.56,19062.50390625,832,0,Gavra,97.93333333333334,19,10,3,2018-11-09 05:51:25.761194+06
01749321272,34.83,8184.5390625,233,0,Tallia,143.25,29,13,2,2018-11-02 23:19:44.857334+06
01768895749,182.74,5114.4599609375,247,0,Willetta,170.03333333333333,181,10,2,2018-10-28 21:35:08.518874+06
01780279274,147.97,6133.1318359375,510,0,Dacy,146.2,151,13,3,2018-10-26 16:25:18.348734+06
01756198069,95.92,12837.974609375,488,0,Madge,186.11666666666667,136,10,3,2018-09-16 02:04:36.794954+06
01787240577,165.5,10223.02734375,855,0,Antonella,66.13333333333334,77,10,4,2018-12-25 18:16:16.692734+06
01737826405,193.47,5310.732421875,852,0,Vicki,133.85,63,10,3,2018-11-02 14:35:01.373234+06
01710567142,165.96,17276.5986328125,797,0,Amalie,152.76666666666668,124,13,1,2018-12-18 03:02:31.148114+06
01760234009,172.07,16202.728515625,989,0,Kristen,181.11666666666667,171,10,0,minus
01719203447,45.94,5585.26953125,781,0,Felecia,121.5,197,12,2,2018-09-03 21:18:04.513094+06
01745809373,194.95,15014.697265625,425,0,Daisi,102.1,30,11,3,2018-10-03 19:33:07.760294+06
01776070158,123.49,12043.345703125,254,0,Arlana,57.3,75,11,0,minus
01711640040,14.81,322.3798828125,723,0,Stacia,146.73333333333332,139,12,4,2018-11-22 10:52:55.744454+06
01717467235,185.45,5511.6904296875,92,0,Ros,170.8,114,12,3,2018-08-18 22:45:28.270214+06
01730955348,79.56,1986.6826171875,789,0,Silvia,159.11666666666667,139,10,1,2018-09-02 05:07:52.978754+06
01757670715,137.02,4099.0673828125,311,0,Ellen,150.91666666666666,65,12,1,2018-09-28 01:45:48.927554+06
01782760501,137.69,9250.8681640625,614,0,Blinni,29.433333333333334,36,13,3,2018-10-07 08:10:13.255814+06
01770379074,69.28,10947.64453125,510,0,Gayla Chau,83.5,126,13,4,2018-10-22 21:56:47.041214+06
01740813140,10.96,1429.4033203125,61,0,Lynna,35.983333333333334,13,10,4,2018-08-24 23:26:36.003794+06
01732409461,142.23,1846.15625,379,0,Bonnibelle,37.65,62,10,4,2018-11-08 06:48:52.579214+06
01736623651,45.66,9147.7578125,225,0,Charles Wilczynski,132.36666666666667,120,10,0,minus
01760880882,1.53,14088.1474609375,277,0,Alfreda,139.78333333333333,125,11,4,2018-10-05 17:01:14.715614+06
01727272112,109.54,11870.005859375,370,0,Timmy,169.85,157,10,3,2018-10-16 06:23:28.865174+06
01791021129,148.91,14462.076171875,336,0,Louisette,91.63333333333334,156,11,2,2018-12-14 12:12:02.861954+06
01762916444,150.44,9375.0498046875,583,0,Sheena,22.233333333333334,142,12,3,2018-10-17 03:45:50.000174+06
01722641380,152.91,14525.9677734375,606,0,Lil,16.033333333333335,127,11,3,2018-10-05 21:59:01.409234+06
01741894166,190.4,2981.8017578125,213,0,Britta,2.033333333333333,106,12,4,2018-12-24 22:30:51.651854+06
01795098461,37.68,3423.3291015625,118,0,Koren,108.45,176,10,3,2018-09-14 13:19:35.383394+06
01770332367,38.27,17830.037109375,431,0,Celie,108.68333333333334,28,10,1,2019-01-31 16:46:36.367274+06
01712090325,48.36,14328.833984375,243,0,Dodi,123.18333333333334,186,10,4,2018-11-15 22:17:21.744914+06
01746654841,146.55,10680.4580078125,822,0,Alisha,156.58333333333334,174,11,4,2018-11-11 14:43:50.381354+06
01732525088,27.35,997.6298828125,456,0,Lind,83.61666666666666,178,12,2,2018-11-30 16:50:56.108174+06
01799845384,81.92,4898.326171875,57,0,Shandy,144.05,0,13,2,2018-10-12 10:37:57.046754+06
01775255034,128.29,19420.4912109375,418,0,Mona,190.63333333333333,106,13,3,2018-08-30 13:32:29.336954+06
01777148878,14.99,8799.513671875,166,0,Becky,108.95,34,12,1,2018-11-30 13:50:21.275114+06
01709884060,187.57,1378.9287109375,843,0,Christean,130.56666666666666,82,13,1,2018-09-29 10:41:22.879634+06
01781617164,97.96,8179.5947265625,621,0,Lira,154.05,93,11,4,2018-12-03 02:39:32.058494+06
01760700163,180.63,8666.650390625,1,0,Flori,15.266666666666667,16,10,3,2018-12-28 06:41:05.830574+06
01788193519,21.24,10227.2060546875,608,0,Sook Dubois  ,97.31666666666666,178,11,3,2018-11-12 18:33:28.756574+06
01712882069,21.18,19245.3037109375,960,0,Noelle,13.933333333333334,99,10,4,2018-09-22 18:23:45.201074+06
01735090988,85.48,19019.8486328125,257,0,Sparkle Shuford  ,175.23333333333332,40,12,1,2018-10-13 02:52:40.551014+06
01774141109,155.14,8371.1943359375,576,0,Pennie,58.88333333333333,169,13,4,2018-09-30 13:27:29.627954+06
01784660085,76.48,13255.4541015625,251,0,Gerrilee,50.35,52,10,0,minus
01715841096,5.0,14756.5283203125,263,0,Anna-Diane,55.8,167,12,2,2018-09-13 14:43:31.182734+06
01705158818,121.22,2904.5771484375,826,0,Karia,114.21666666666667,11,11,1,2019-01-13 14:27:19.153574+06
01726302624,151.82,17885.234375,174,0,Rubie,131.16666666666666,88,11,3,2019-01-18 10:24:37.492694+06
01780642662,183.78,13703.392578125,241,0,Beatrisa,180.45,34,11,4,2019-01-24 08:19:36.763814+06
01769854092,110.67,3546.0,371,0,Cornela,36.81666666666667,173,10,3,2018-09-27 19:13:12.939554+06
01720003620,46.35,17566.5029296875,282,0,Easter,183.0,45,10,1,2018-11-10 10:33:58.281974+06
01705065375,58.89,19403.9208984375,905,0,Rozanne,146.2,175,13,0,minus
01735957549,16.81,15610.861328125,653,0,Inga Moorer  ,79.56666666666666,190,12,0,minus
01720685690,78.31,17184.5234375,352,0,Starlene,105.5,74,13,4,2018-10-26 12:31:49.326374+06
01730451399,20.25,18634.44140625,646,0,Chrysa,70.63333333333334,77,13,3,2018-11-03 19:04:48.309914+06
01731593670,170.23,8602.986328125,73,0,Annora,18.0,65,13,0,minus
01775910277,65.47,12620.3310546875,941,0,Daisi,17.2,57,10,4,2018-08-23 17:45:00.424214+06
01734132130,190.07,10747.390625,7,0,Cammy,131.7,21,11,2,2018-11-12 10:00:40.641074+06
01704396765,112.23,3169.2958984375,120,0,Irmgard Prevatte,7.283333333333333,113,12,2,2018-09-06 13:46:45.576254+06
01723367647,184.44,6569.9130859375,714,0,Cecil,46.3,192,10,3,2018-11-28 20:08:44.256974+06
01783094782,28.12,18889.0810546875,815,0,Nevsa,55.06666666666667,104,13,4,2018-09-11 22:28:32.135114+06
01778285716,63.67,19485.80859375,734,0,Stacey,195.28333333333333,163,12,1,2019-01-10 20:44:23.376974+06
01769097789,141.75,5505.224609375,566,0,Carolin,14.9,72,13,1,2018-08-30 18:35:00.017114+06
01726140792,66.58,9954.5498046875,40,0,Shaylyn,178.21666666666667,41,12,3,2019-01-11 01:30:09.705194+06
01702004536,44.78,14363.552734375,306,0,Zara,122.4,177,10,3,2018-11-10 16:52:02.967734+06
01726437429,116.63,6221.8486328125,311,0,Marguerite,94.9,184,12,0,minus
01724516668,51.14,2550.3671875,617,0,Bernita,18.8,158,13,1,2018-10-24 02:57:05.781914+06
01708744373,65.38,11533.4296875,167,0,Pia,50.35,2,12,2,2018-08-21 23:37:22.581794+06
01778390421,171.27,3859.7001953125,99,0,Clarey,187.4,99,13,1,2019-01-09 11:09:46.765214+06
01728515894,193.37,7243.4833984375,458,0,Hildegaard,121.03333333333333,151,10,1,2018-09-25 13:47:52.423214+06
01723043560,183.11,5958.1240234375,127,0,Fidela,18.583333333333332,100,11,2,2018-08-16 17:20:31.739234+06
01731876810,43.92,17922.9462890625,249,0,Perla,176.93333333333334,55,11,1,2018-12-07 03:02:29.966414+06
01780481956,95.42,17634.8125,935,0,Ronny,127.46666666666667,194,11,4,2018-11-13 17:47:34.183454+06
01799862643,69.92,1801.4619140625,796,0,Pet,68.63333333333334,121,13,0,minus
01792728901,185.07,13526.5732421875,448,0,Kassey,65.7,187,11,2,2018-10-14 05:40:27.738074+06
01759932255,135.66,16558.484375,548,0,Noemi,97.25,70,10,1,2018-08-31 01:32:38.495534+06
01754734074,24.33,19736.48046875,337,0,Gianna,37.56666666666667,35,10,1,2018-12-06 20:20:57.884594+06
01728101138,24.39,6994.6787109375,360,0,Hermione,10.9,192,12,3,2018-11-30 17:18:12.509774+06
01706166491,185.4,18752.1884765625,147,0,Coraline,178.01666666666668,160,12,3,2018-09-11 16:38:26.795894+06
01716072827,174.64,8080.1611328125,192,0,Coreen,85.06666666666666,12,11,0,minus
01740938355,56.75,3483.7607421875,936,0,Maddie,57.68333333333333,84,13,3,2018-10-18 03:48:49.211774+06
01732558256,184.72,4266.0810546875,696,0,Katinka,199.56666666666666,77,10,3,2018-12-26 09:44:43.924694+06
01749005744,66.11,9686.267578125,896,0,Kacy,110.28333333333333,168,10,4,2018-12-24 19:36:31.416614+06
01737341596,51.47,8148.6875,207,0,Dayle,191.03333333333333,26,11,3,2018-09-06 18:35:19.563314+06
01788205333,117.42,19009.2841796875,471,0,Pauly,81.95,104,10,2,2018-10-01 04:08:15.147014+06
01747765492,125.64,13068.83984375,728,0,Jaquenette,78.01666666666667,6,12,3,2019-01-09 21:54:30.485474+06
01727755533,47.61,16948.291015625,508,0,Jillane,84.06666666666666,28,13,0,minus
01761580717,125.27,16062.3017578125,441,0,Teddi,178.01666666666668,131,12,4,2018-08-26 13:05:49.035614+06
01754809946,197.12,5324.240234375,940,0,Max,188.91666666666666,186,10,0,minus
01740519728,121.89,10552.1494140625,0,0,Latrena,129.66666666666666,94,13,1,2019-01-11 22:17:36.072914+06
01750721332,159.05,9427.0107421875,252,0,Rosina,137.55,7,12,3,2018-11-11 23:12:35.080154+06
01784593881,116.48,10327.712890625,135,0,Beckie,78.3,75,13,1,2018-11-02 09:18:17.589914+06
01747228225,90.63,2589.4970703125,377,0,Devina,194.51666666666668,141,10,3,2018-08-23 20:09:30.916754+06
01789812685,127.35,15360.5576171875,493,0,Ursulina,39.766666666666666,39,11,1,2018-12-10 10:49:59.244734+06
01775860803,41.02,5378.6806640625,871,0,Astrix,131.18333333333334,111,13,1,2018-11-30 23:43:26.289074+06
01750009663,126.31,16143.0693359375,695,0,Noelani,3.85,61,12,2,2018-08-24 21:46:42.032594+06
01720381217,29.0,17315.1015625,346,0,Ainslie,169.23333333333332,62,10,1,2018-11-07 15:36:21.655934+06
01765796040,167.31,11430.0146484375,50,0,Fionna,176.73333333333332,189,13,4,2018-11-20 14:32:39.120854+06
01777516614,4.36,13799.8154296875,234,0,Ermengarde,112.05,91,13,2,2018-12-20 19:48:13.393574+06
01786524307,58.09,5171.205078125,977,0,Jo Ann,147.46666666666667,41,10,2,2018-12-17 03:47:03.908894+06
01729304990,0.0,6397.7880859375,560,0,Rose,78.85,141,12,2,2018-10-31 18:24:43.341434+06
01790353347,48.93,2895.291015625,549,0,Ayn,131.48333333333332,7,10,4,2018-08-28 03:50:32.078714+06
01748068087,127.97,4794.88671875,327,0,Molli,96.8,151,12,2,2018-12-08 02:44:20.559794+06
01723009419,146.35,13160.408203125,195,0,Teddy,146.06666666666666,10,13,3,2019-01-30 19:11:17.373074+06
01703149904,11.06,13679.498046875,616,0,Phylys,127.1,70,10,2,2019-01-12 19:12:35.534114+06
01783947029,114.2,10281.0625,689,0,Deidre,34.516666666666666,195,12,4,2018-11-04 23:34:21.921374+06
01781948008,14.36,3678.3056640625,558,0,Merrili,28.5,184,11,2,2018-12-10 09:33:50.977574+06
01727862497,38.25,8062.5283203125,781,0,Dorelia,41.9,170,10,2,2018-08-29 20:50:40.757774+06
01761793999,168.3,2085.5712890625,294,0,Cornelle,4.5,199,13,1,2018-09-24 07:02:10.788494+06
01794555696,71.13,16382.20703125,447,0,Dena,58.11666666666667,94,10,2,2018-10-11 19:41:34.663874+06
01715855108,26.9,11812.27734375,739,0,Cristina,195.63333333333333,157,12,3,2018-09-16 02:59:19.874354+06
01781995330,101.76,6841.79296875,742,0,Lucia,50.083333333333336,21,11,0,minus
01775821024,112.39,16582.5595703125,628,0,Sidoney,49.7,38,12,3,2018-09-01 19:08:51.602234+06
01794516182,18.8,3550.84765625,808,0,Debor,179.45,66,11,0,minus
01753479169,141.61,7494.2412109375,824,0,Daria,55.15,56,11,4,2019-02-03 00:45:01.736594+06
01711598222,181.4,6271.1220703125,116,0,Malvina,187.38333333333333,147,10,4,2018-11-12 22:20:24.134774+06
01785344077,71.49,1218.4150390625,390,0,Katrinka,88.65,42,13,0,minus
01778211941,70.48,7767.8291015625,356,0,Binny,91.91666666666667,164,11,2,2018-12-04 22:48:16.480754+06
01746934908,46.87,14527.1845703125,577,0,Noella,179.41666666666666,35,12,3,2018-10-06 23:55:17.370974+06
01739768726,178.7,4167.3056640625,451,0,Ediva,187.23333333333332,116,10,2,2019-01-24 04:08:29.031494+06
01717220695,159.56,16441.3798828125,3,0,Jerrylee,133.03333333333333,70,12,2,2018-12-29 15:14:45.786254+06
01750533567,105.7,18439.416015625,19,0,Blancha,29.55,181,13,0,minus
01718625806,92.25,8449.27734375,447,0,Shandie,61.833333333333336,187,13,1,2018-10-11 01:53:12.554114+06
01788101114,94.38,10327.2373046875,667,0,Oren Roux  ,62.43333333333333,177,11,3,2018-11-11 20:12:31.445234+06
01783462381,9.15,17826.9951171875,839,0,Tashia Coleman,24.683333333333334,120,11,1,2019-01-30 18:01:53.113214+06
01774123591,62.79,7880.1416015625,149,0,Carmelle,104.11666666666666,12,10,3,2018-12-04 08:51:47.516894+06
01736810102,83.52,4308.845703125,736,0,Rani,30.15,92,11,1,2018-11-26 12:26:21.460514+06
01795715667,22.84,16031.9814453125,924,0,Charis,22.0,18,10,2,2018-10-06 13:38:07.592414+06
01764478271,14.97,274.3486328125,703,0,Lyssa,149.33333333333334,185,12,1,2018-11-28 20:58:46.348094+06
01756325128,191.26,10596.109375,498,0,Gayla Chau,161.95,144,12,4,2019-01-17 01:51:29.177234+06
01727932067,68.58,12006.0830078125,185,0,Mahala,142.26666666666668,20,11,3,2019-01-12 09:18:20.309354+06
01720741096,98.62,2421.912109375,36,0,Karrie,39.21666666666667,152,13,0,minus
01792277370,86.09,4767.21875,740,0,Teresina,11.733333333333333,103,13,0,minus
01795555494,7.87,13754.1962890625,480,0,Wenda,103.33333333333333,45,13,1,2019-02-02 13:51:31.214294+06
01791047956,0.2,9511.2978515625,471,0,Blythe,107.16666666666667,170,13,1,2018-10-06 06:09:56.650814+06
01772737696,110.96,17013.8828125,162,0,Roanne,47.266666666666666,171,10,1,2018-12-25 05:33:11.509694+06
01784438931,79.17,6090.326171875,535,0,Ingunna,148.76666666666668,114,10,0,minus
01715248474,112.67,6673.3134765625,870,0,Joye,41.65,95,10,1,2019-01-31 13:00:13.150754+06
01778610447,101.09,5664.828125,776,0,Katharine,189.76666666666668,93,12,3,2019-01-30 18:49:30.444734+06
01707720988,53.35,16714.009765625,346,0,Marilee,45.266666666666666,156,13,0,minus
01754658861,2.03,12449.572265625,834,0,Ophelie,133.48333333333332,120,13,0,minus
01724478229,52.05,3941.56640625,302,0,Zena,38.36666666666667,168,11,2,2018-08-20 17:40:14.469014+06
01751535589,145.85,5509.810546875,733,0,Giorgia,198.53333333333333,75,10,4,2018-08-22 07:41:14.899874+06
01757326617,125.24,11362.7890625,746,0,Nanine,179.26666666666668,181,11,0,minus
01714573554,50.65,19284.111328125,307,0,Lavina,87.25,68,10,0,minus
01797447740,64.88,12188.056640625,626,0,Mariel,35.95,31,11,2,2018-11-21 07:11:57.682814+06
01779070381,42.41,10852.8017578125,983,0,Felisha,47.2,159,13,4,2019-02-02 01:02:43.239974+06
01724020645,109.31,12666.9580078125,930,0,Cristina,13.633333333333333,103,11,3,2019-01-15 07:32:36.818294+06
01781017581,128.43,16806.9521484375,566,0,Deidre,20.866666666666667,101,13,0,minus
01732193979,91.5,2300.5341796875,844,0,Sunshine,66.3,160,10,0,minus
01723528209,95.55,14309.474609375,133,0,Herminia,186.3,154,12,1,2018-09-10 09:07:24.934574+06
01703503327,14.77,17482.625,473,0,Fredelia,32.016666666666666,183,13,0,minus
01707382617,192.09,8215.0849609375,839,0,Maureen Maize,61.733333333333334,48,13,0,minus
01745845786,191.32,1704.228515625,432,0,Caterina,75.41666666666667,85,10,3,2019-01-24 07:34:16.863194+06
01790373305,177.76,1265.0673828125,523,0,Trina,78.93333333333334,86,13,3,2018-09-25 04:10:06.856274+06
01728466475,81.22,13200.4677734375,444,0,Marys,109.5,87,13,1,2018-08-12 09:58:41.253014+06
01706282257,164.38,17631.580078125,191,0,Harlene,139.63333333333333,15,11,0,minus
01717349150,141.4,1278.482421875,805,0,Quentin,2.5166666666666666,140,10,3,2018-09-17 10:06:11.213774+06
01787698290,58.5,14655.66796875,895,0,Netta,24.216666666666665,81,12,0,minus
01788061954,146.64,19882.6455078125,710,0,Gena,158.38333333333333,29,12,3,2018-12-21 05:42:14.489234+06
01785206844,35.93,895.33203125,397,0,Robinett,67.26666666666667,19,10,4,2018-09-06 11:47:45.796154+06
01749809187,56.63,426.0439453125,297,0,Ciel,20.883333333333333,132,12,2,2018-12-11 21:09:22.697774+06
01716139196,179.7,4850.6064453125,864,0,Prissie,16.683333333333334,135,12,0,minus
01762918430,95.86,11624.1357421875,484,0,Polly,88.36666666666666,54,13,2,2019-02-01 04:13:53.538914+06
01720772929,142.69,19064.8994140625,291,0,Carine,7.3,60,12,1,2018-12-01 00:21:58.300694+06
01782119212,91.61,4971.6455078125,28,0,Vanny,119.8,145,10,3,2018-09-27 09:26:58.638974+06
01769045350,13.15,17735.3154296875,220,0,Krissie,132.58333333333334,161,11,0,minus
01727733918,56.04,4681.4697265625,193,0,Stafani,155.31666666666666,79,13,4,2019-01-30 12:20:46.865714+06
01734457785,113.05,5270.2529296875,870,0,Sheilah,121.45,22,10,4,2018-10-29 22:37:45.767954+06
01792507790,17.99,15740.7177734375,143,0,Laureen Pimental,22.433333333333334,154,10,0,minus
01773870696,181.73,14228.9423828125,766,0,Fifine,64.61666666666666,79,11,1,2018-11-21 01:01:54.298154+06
01724807159,31.43,139.994140625,102,0,Cole Conlin,78.43333333333334,161,11,3,2018-10-10 15:46:24.635774+06
01745227464,144.26,7076.3740234375,144,0,Ashley,16.283333333333335,96,10,2,2018-12-10 04:28:01.831394+06
01722392439,48.94,1552.572265625,15,0,Melodie,20.716666666666665,71,12,0,minus
01727109552,85.59,17211.0263671875,964,0,Hortense,103.78333333333333,71,10,4,2018-09-02 16:56:01.511294+06
01793967422,81.41,19624.484375,52,0,Selestina,107.11666666666666,102,12,0,minus
01772915461,29.23,15253.5830078125,661,0,Vitoria,157.61666666666667,149,11,3,2019-01-04 18:49:32.425274+06
01700047919,194.17,11676.591796875,764,0,Hermine,71.15,0,10,4,2019-01-26 10:03:30.600314+06
01740900959,70.91,3979.728515625,474,0,Evelyn,24.416666666666668,172,10,4,2018-12-24 18:18:48.844394+06
01782821045,82.3,9066.044921875,438,0,Renae,176.3,149,10,4,2018-09-21 23:05:45.418514+06
01726841061,97.87,10333.9150390625,735,0,Adi,84.23333333333333,41,11,4,2018-11-17 18:08:46.076234+06
01753281306,71.69,16015.6025390625,808,0,Trista,49.9,33,13,0,minus
01758249257,17.43,37.7490234375,589,0,Dennie,107.05,27,10,2,2018-08-25 13:18:51.353954+06
01797585375,129.12,16800.29296875,474,0,Marena,157.61666666666667,191,12,2,2018-09-21 04:49:08.746994+06
01794360350,23.2,15807.5146484375,147,0,Cher,56.516666666666666,19,12,2,2019-01-27 00:32:01.690034+06
01762944019,184.88,10580.267578125,534,0,Ofella,18.416666666666668,140,11,4,2018-12-21 08:38:15.177974+06
01743740671,148.21,2833.8759765625,960,0,Donnie,96.26666666666667,117,11,2,2019-01-03 20:22:26.396534+06
01724825303,126.23,4893.6748046875,892,0,Dniren,53.11666666666667,103,12,3,2018-12-31 04:07:06.589514+06
01752974759,171.75,10422.6044921875,350,0,Rochell,56.166666666666664,3,13,3,2018-12-29 20:12:13.824494+06
01788363378,96.15,11414.107421875,566,0,Isobel Sande,169.73333333333332,29,13,3,2018-12-25 18:59:41.808434+06
01706535077,16.45,10980.2666015625,132,0,Aimee,189.35,34,11,4,2018-11-24 14:48:58.952474+06
01766178709,172.98,687.736328125,321,0,Delilah,93.2,133,10,2,2018-09-15 19:18:44.914994+06
01719534145,72.49,1878.3115234375,717,0,Dion,26.266666666666666,184,13,0,minus
01729084449,13.07,15888.990234375,132,0,Shannon,182.53333333333333,59,13,4,2018-11-30 12:37:55.082594+06
01782298018,98.88,10345.49609375,229,0,Lorilyn,53.96666666666667,177,12,1,2019-01-21 19:17:57.016454+06
01713344887,41.49,10810.08203125,835,0,Ernaline,21.1,82,10,3,2018-10-15 14:07:27.444854+06
01796281907,123.47,17986.859375,935,0,Chlo,124.21666666666667,47,10,1,2018-11-12 02:43:27.146594+06
01705437746,131.93,9977.111328125,894,0,Edin,80.56666666666666,52,12,3,2018-09-06 11:06:49.394294+06
01792989783,70.38,13294.654296875,111,0,Tana Yeadon,113.38333333333334,183,12,4,2019-01-26 17:57:53.707274+06
01722005438,2.36,18386.833984375,135,0,Merci,155.35,11,11,3,2019-01-10 14:31:17.393294+06
01781420560,168.76,11838.28515625,639,0,Lucky,15.433333333333334,126,10,2,2018-12-14 18:42:24.040934+06
01796053738,23.44,17710.9873046875,367,0,Nora,153.18333333333334,136,12,3,2019-01-05 10:55:50.447594+06
01759806640,1.28,6036.4736328125,324,0,Loren,189.16666666666666,53,11,0,minus
01758005712,67.52,15210.408203125,371,0,Carlina,140.6,140,11,3,2018-10-10 09:17:54.707774+06
01712795835,187.56,416.455078125,97,0,Ursulina,30.116666666666667,68,12,4,2018-08-23 15:37:24.972734+06
01704575985,140.64,15219.34375,547,0,Inga Moorer  ,178.03333333333333,106,11,0,minus
01788698833,151.38,13121.068359375,448,0,Adrea,20.766666666666666,52,13,0,minus
01759672716,110.49,10719.2255859375,403,0,Alfie,80.83333333333333,73,12,1,2018-10-02 00:35:51.783134+06
01707056990,144.96,9508.64453125,693,0,Sibelle,14.433333333333334,94,13,3,2018-11-22 16:38:53.060954+06
01734165630,124.24,9813.8837890625,348,0,Aveline,30.35,76,13,2,2018-10-23 06:45:15.134714+06
01786333658,40.45,10196.5595703125,713,0,Ruthi,149.83333333333334,7,10,2,2018-11-17 13:16:45.765794+06
01795188374,19.57,19604.474609375,776,0,Antonie,62.06666666666667,130,12,2,2018-10-17 05:25:45.122654+06
01775663951,184.17,9586.1376953125,132,0,Teodora,62.86666666666667,69,13,1,2018-09-06 18:51:37.206674+06
01737881216,85.35,2004.5927734375,131,0,Brook,28.616666666666667,114,13,3,2018-09-24 14:57:10.901834+06
01790666582,28.06,7273.7333984375,714,0,Dre,157.95,196,12,4,2018-11-29 20:46:57.890594+06
01735288820,95.5,17479.0869140625,655,0,Sindee,62.483333333333334,78,12,2,2019-01-29 14:10:54.366734+06
01790177416,94.78,15422.9853515625,126,0,Dyann,198.78333333333333,138,12,0,minus
01703647563,60.69,8485.998046875,407,0,Emera,129.8,56,13,3,2018-09-20 14:57:48.624074+06
01760435182,157.52,548.080078125,308,0,Tammy,56.516666666666666,179,10,0,minus
01794994401,64.35,15056.966796875,344,0,Trude,60.1,168,11,3,2019-01-04 11:25:20.417834+06
01743013629,10.96,18381.712890625,201,0,Zorina,37.05,90,13,4,2018-10-21 06:00:35.676134+06
01736447755,96.09,9431.208984375,861,0,Cordy,168.6,123,13,0,minus
01757783174,26.97,17741.1728515625,260,0,Trenna,63.35,62,12,1,2018-10-24 15:14:17.614454+06
01771055897,26.04,74.5654296875,768,0,Elvina Parshall,54.81666666666667,69,12,2,2018-12-12 17:43:48.077534+06
01777512529,43.48,5657.359375,289,0,Nixie,80.53333333333333,132,12,0,minus
01729494062,147.42,5279.4521484375,481,0,Lindi,116.38333333333334,135,10,3,2018-10-12 16:51:39.551714+06
01756152880,94.11,6246.2568359375,133,0,Daveen,85.13333333333334,84,12,1,2018-12-23 19:19:11.475614+06
01710944448,116.15,11418.07421875,810,0,Brittan,51.75,167,11,4,2019-01-17 02:44:36.669974+06
01751952104,90.71,149.1201171875,218,0,Tiffi,143.75,4,10,0,minus
01757131050,60.16,821.927734375,420,0,Trista,31.633333333333333,48,10,3,2019-02-03 11:12:06.341174+06
01765318837,100.92,510.6474609375,294,0,Hedvig,145.16666666666666,107,11,1,2019-02-01 20:19:29.094374+06
01744958595,31.93,6255.7373046875,729,0,Elga,123.8,45,12,1,2019-01-10 12:53:19.127174+06
01701232015,1.08,10905.1435546875,227,0,Otha,151.2,34,12,4,2018-12-20 04:55:57.505214+06
01748303024,13.51,15773.4599609375,625,0,Colette,19.7,96,10,3,2018-11-01 07:22:59.759174+06
01756422073,86.26,12791.9287109375,303,0,Emilia Yokoyama,74.63333333333334,7,10,0,minus
01725797871,19.87,11635.2431640625,687,0,Lexi,57.96666666666667,183,12,2,2018-10-23 14:59:34.020374+06
01777040478,10.69,6441.75390625,964,0,Lavinia,106.05,185,11,2,2018-09-14 23:58:52.541714+06
01756108813,183.22,8742.6728515625,809,0,Carla,122.31666666666666,13,10,4,2018-08-26 02:49:40.009754+06
01722016265,149.99,13957.3544921875,720,0,Theresina,158.71666666666667,77,10,1,2019-01-10 17:51:32.507414+06
01734719842,19.36,11142.9375,523,0,Deborah,19.716666666666665,59,12,2,2018-11-14 05:06:43.869374+06
01706255011,162.56,6164.369140625,285,0,Alexi,198.96666666666667,181,11,1,2019-01-20 22:45:35.257094+06
01792461410,76.85,11361.4404296875,171,0,Kerrill,145.73333333333332,105,10,4,2018-12-24 15:57:04.055354+06
01735262966,134.91,7923.888671875,911,0,Margarete,87.78333333333333,189,12,3,2018-11-04 17:11:57.060914+06
01778175853,4.05,15930.970703125,451,0,Saudra,45.583333333333336,53,13,4,2018-12-19 20:20:05.472734+06
01752295281,136.21,4435.974609375,808,0,Kippy,197.05,7,11,0,minus
01701575746,189.44,17410.8994140625,793,0,Doloritas,195.68333333333334,18,11,1,2019-01-15 10:23:04.644554+06
01792021659,152.23,1903.708984375,62,0,Gaynor,67.8,3,13,4,2018-12-02 14:56:07.005614+06
01759612453,52.33,16839.6591796875,308,0,Zondra,2.0,48,10,4,2018-11-17 14:39:03.474674+06
01795353680,153.89,5097.1708984375,70,0,Birdie Huls  ,140.76666666666668,134,10,0,minus
01718348245,37.4,15132.4111328125,890,0,Hettie,82.0,106,12,2,2018-12-30 23:34:59.095694+06
01748200947,104.67,8443.4365234375,17,0,Alina,197.13333333333333,84,10,4,2018-09-05 06:18:52.339274+06
01732982339,174.11,2021.67578125,246,0,Eloisa,198.43333333333334,147,13,1,2018-09-22 03:25:45.348374+06
01774739842,98.34,13483.1484375,576,0,Cecilia Datta,138.26666666666668,161,13,2,2018-12-22 05:54:02.139974+06
01787355365,20.58,4672.583984375,210,0,Leisha,115.38333333333334,83,13,4,2018-11-10 15:31:11.698814+06
01711006626,96.65,2726.458984375,954,0,Faina,120.98333333333333,136,10,4,2018-11-18 01:58:57.445274+06
01790014512,133.68,9190.5078125,833,0,Latia,10.216666666666667,121,10,3,2018-10-07 01:03:05.667614+06
01796355329,48.16,17105.5029296875,857,0,Danna,128.45,39,10,0,minus
01791217261,143.47,9664.970703125,434,0,Linet,33.15,116,12,3,2018-11-27 11:51:11.233934+06
01708214073,189.76,16031.296875,660,0,Nonnah,135.15,139,11,4,2018-10-29 19:47:59.068814+06
01734174806,69.28,1359.5654296875,861,0,Rowena,53.5,159,13,2,2018-12-25 13:48:21.726314+06
01798232309,176.95,19102.708984375,782,0,Marcy,171.61666666666667,29,13,4,2019-01-19 05:28:43.044374+06
01732312133,176.34,5240.537109375,89,0,Jess,24.633333333333333,40,11,2,2018-08-12 23:03:34.581194+06
01785959524,139.23,13199.5361328125,95,0,Dion,101.23333333333333,44,10,4,2018-08-21 12:11:51.693314+06
01749738154,11.09,5670.8017578125,100,0,Delphine,172.61666666666667,6,13,0,minus
01788274773,40.94,17940.80859375,937,0,Allene Driscoll  ,64.71666666666667,140,13,0,minus
01755565760,198.39,12296.0087890625,355,0,Maryrose,77.31666666666666,59,12,0,minus
01718942326,16.55,8649.7109375,813,0,Ernesta,60.28333333333333,153,13,3,2018-11-27 23:04:32.508974+06
01771223358,31.11,8266.9306640625,10,0,Rodie,14.75,158,13,3,2019-01-15 22:18:49.413374+06
01798486969,90.18,2806.9873046875,510,0,Nerissa,194.0,112,11,1,2018-12-27 21:30:25.664534+06
01758364564,136.66,19461.0478515625,151,0,Aile,78.38333333333334,133,13,0,minus
01772065542,180.51,16827.3798828125,286,0,Robenia,44.15,162,11,0,minus
01733397611,71.39,3886.4541015625,971,0,Jocelyne,140.15,169,13,3,2018-12-19 18:46:19.610714+06
01784099997,27.8,17570.4619140625,202,0,Ree,56.71666666666667,58,12,3,2018-12-16 14:49:54.747254+06
01722118537,126.6,18262.7080078125,559,0,Lanie,1.1666666666666667,162,13,1,2019-01-02 16:00:54.527894+06
01718878637,90.62,9409.3818359375,432,0,Selie,78.7,35,13,1,2018-10-09 17:51:33.630974+06
01765090788,24.03,6279.9208984375,991,0,Meaghan,106.75,110,10,2,2018-08-26 00:08:27.424994+06
01738635612,49.84,14132.1630859375,157,0,Shanda,6.466666666666667,92,12,4,2018-12-29 03:04:26.347394+06
01782942087,178.36,19671.044921875,705,0,Tamarra,197.71666666666667,99,10,4,2018-09-06 09:15:19.108214+06
01753261770,25.69,11193.8193359375,871,0,Benedikta,52.3,189,12,3,2018-12-21 18:20:15.611414+06
01768990757,20.06,1831.7509765625,129,0,Vicki,54.016666666666666,44,12,2,2018-11-16 00:55:37.864874+06
01782155543,165.98,3856.3779296875,203,0,Celle,75.88333333333334,171,10,4,2018-11-06 14:15:02.742434+06
01731887229,25.82,4406.12109375,301,0,Christye,122.56666666666666,11,11,2,2018-08-29 01:05:54.338234+06
01751200971,182.17,12819.0,934,0,Aura,174.6,162,10,4,2019-01-14 13:04:44.558354+06
01776460976,67.87,6247.8095703125,560,0,Micky,84.31666666666666,136,10,3,2018-11-30 10:18:30.794714+06
01733784263,112.07,9761.1748046875,202,0,Johannah,173.58333333333334,109,13,0,minus
01781917610,114.33,13077.95703125,508,0,Beulah,19.033333333333335,186,12,4,2018-09-20 22:27:23.406074+06
01710672490,127.17,3721.447265625,686,0,Faythe,61.583333333333336,72,11,4,2018-12-08 14:20:51.647594+06
01705517804,84.7,2757.5771484375,594,0,Alyson,144.96666666666667,91,13,4,2018-12-06 04:34:36.488414+06
01773231555,13.46,6457.939453125,386,0,Vikky,39.06666666666667,53,12,3,2018-10-04 19:12:11.911634+06
01757798767,197.81,10976.1376953125,795,0,Anthiathia,117.83333333333333,31,11,0,minus
01716729631,97.94,2585.177734375,277,0,Dulcie,139.11666666666667,120,11,4,2018-09-09 10:43:14.957894+06
01703633835,151.95,10079.947265625,500,0,Ariela,111.26666666666667,111,12,4,2018-12-25 02:26:37.337414+06
01744741869,138.99,5620.751953125,625,0,Murial,133.76666666666668,182,11,0,minus
01772904023,23.08,8823.9970703125,175,0,Tillie,157.06666666666666,21,10,0,minus
01704096508,168.63,17612.404296875,674,0,Starr,58.63333333333333,130,11,0,minus
01770592117,33.66,2521.2470703125,139,0,Yasmeen,109.56666666666666,54,11,0,minus
01775689519,198.76,7075.5810546875,175,0,Abagael,186.91666666666666,133,11,1,2018-08-11 11:30:38.555954+06
01765716558,109.68,8919.3408203125,565,0,Maurizia,167.88333333333333,69,12,4,2019-01-09 09:19:14.219354+06
01775735642,63.0,16267.83203125,604,0,Dee,126.8,50,12,1,2019-01-13 21:50:11.412554+06
01729874313,136.8,14609.908203125,918,0,Dore,63.63333333333333,128,10,4,2018-08-16 11:25:26.213294+06
01713328880,1.08,14958.3515625,404,0,Carole,146.15,164,11,3,2018-12-16 08:36:10.048094+06
01767839178,35.03,3531.3896484375,648,0,Brenda,146.55,174,13,4,2019-01-01 12:37:17.498594+06
01781851445,49.52,13058.7919921875,454,0,Korry,44.333333333333336,119,13,1,2018-12-17 12:07:00.197534+06
01796390075,18.46,8768.20703125,628,0,Tashia Coleman,120.41666666666667,151,10,0,minus
01796199068,178.12,11118.349609375,455,0,Anestassia,115.95,104,12,3,2018-09-03 15:04:50.903714+06
01785510435,144.63,10193.904296875,643,0,Coy Meek,52.733333333333334,109,13,0,minus
01763372986,159.92,8045.4931640625,984,0,Gae,194.51666666666668,69,13,4,2018-12-29 23:46:24.538214+06
01703758605,61.28,17607.90234375,557,0,Tony,138.0,87,12,0,minus
01716716592,77.57,13402.82421875,53,0,Debbi,50.95,105,10,4,2018-09-20 12:03:17.250614+06
01783339411,5.28,13507.6259765625,634,0,Glynda,15.6,71,13,1,2019-01-23 03:52:34.205294+06
01780322227,62.94,15676.880859375,475,0,Olimpia,52.25,16,12,0,minus
01715131976,184.1,14787.9755859375,381,0,Marina,148.26666666666668,119,12,2,2018-08-10 06:37:28.467074+06
01708238018,193.44,15803.51171875,64,0,Christabella,132.98333333333332,71,13,0,minus
01787477291,80.35,5745.9638671875,822,0,Martina,65.11666666666666,67,13,1,2018-08-20 13:17:06.081494+06
01786266642,142.56,6856.3359375,482,0,Hedvig,123.16666666666667,47,10,2,2018-08-25 00:23:50.128754+06
01725662385,121.57,927.1064453125,138,0,Eada,8.116666666666667,113,13,3,2019-01-10 09:03:52.761194+06
01789994763,82.97,7739.837890625,0,0,Rebe,9.1,115,10,0,minus
01799945013,1.53,8700.6396484375,970,0,Halie,130.9,50,12,0,minus
01702179958,9.0,4399.85546875,639,0,Roanna,86.58333333333333,8,11,0,minus
01782564191,122.04,15318.18359375,319,0,Annabal,18.783333333333335,178,13,4,2018-10-17 09:47:15.070154+06
01717296057,185.06,12778.001953125,401,0,Ginnifer,63.81666666666667,185,10,1,2018-08-28 04:10:50.959154+06
01738945792,91.53,10026.2099609375,164,0,Iola Filmore  ,3.8333333333333335,193,12,1,2019-01-22 20:30:02.433914+06
01747506292,197.85,11238.068359375,721,0,Halli,70.0,151,12,3,2018-10-21 17:08:44.149154+06
01782549266,150.38,1931.90234375,711,0,Ursa,56.93333333333333,147,11,4,2018-10-28 10:54:22.233734+06
01718994264,74.59,17969.490234375,461,0,Valeria,46.71666666666667,136,13,3,2018-12-05 20:45:05.551154+06
01787438333,52.15,192.974609375,578,0,Audrye,72.75,19,10,3,2018-09-03 20:30:25.349354+06
01726756706,86.72,18749.80859375,999,0,Aurelia,102.78333333333333,172,12,0,minus
01778743904,183.63,16418.3193359375,170,0,Fancy,108.03333333333333,79,10,0,minus
01774600816,25.39,12607.6318359375,871,0,Alena,5.933333333333334,182,12,0,minus
01775218068,119.45,13213.421875,465,0,Leonie,152.38333333333333,194,13,2,2018-12-19 02:21:59.935994+06
01721148135,38.95,9879.0107421875,810,0,Lydia,120.78333333333333,52,11,1,2018-11-20 12:35:05.150714+06
01783264448,171.75,3050.623046875,926,0,Pansy,101.36666666666666,48,10,3,2019-01-08 23:11:25.613294+06
01728274343,86.12,11728.8701171875,898,0,Genia,38.61666666666667,50,13,4,2019-01-02 07:02:53.884634+06
01787580701,153.18,6774.2646484375,8,0,Sissie,6.0,98,12,2,2018-10-15 00:28:01.879274+06
01782263924,123.41,181.31640625,392,0,Sarene,196.86666666666667,32,10,0,minus
01754030800,44.82,4144.4580078125,227,0,Mariah Khalsa  ,155.21666666666667,182,11,4,2018-10-04 22:01:25.022594+06
01759254234,178.99,12836.28125,183,0,Sonnie,96.86666666666666,60,13,4,2018-11-02 00:12:57.504194+06
01735797037,142.0,9063.8662109375,293,0,Raphaela,183.96666666666667,148,13,1,2018-12-20 04:55:35.554934+06
01753432101,61.72,13828.3740234375,460,0,Mab,105.15,120,13,0,minus
01711528509,166.8,13808.1376953125,274,0,Libbie,149.51666666666668,109,12,4,2019-01-16 06:51:38.904974+06
01736518833,110.67,3615.1025390625,232,0,Faustina,180.8,114,10,0,minus
01723296687,97.44,6401.9658203125,754,0,Hadria,185.88333333333333,173,11,0,minus
01734680874,101.58,8956.5625,84,0,Michal,153.55,177,13,0,minus
01703048010,56.59,19943.24609375,836,0,Phedra,196.05,105,11,2,2019-01-05 00:38:43.630934+06
01713469138,62.36,13635.2705078125,569,0,Zea,124.56666666666666,26,13,2,2018-08-10 00:28:04.840814+06
01708674348,136.62,4821.2412109375,64,0,Adel,145.11666666666667,75,12,3,2018-09-18 04:53:34.665674+06
01744764265,25.29,17870.0556640625,855,0,Marcy Burnley  ,197.71666666666667,170,12,2,2018-08-10 14:13:39.594314+06
01718240085,31.21,18963.2451171875,671,0,Robbyn,156.58333333333334,2,13,0,minus
01758281680,121.23,12183.4140625,628,0,Alex,167.1,69,11,2,2019-01-13 16:15:51.612974+06
01785667399,90.82,7550.333984375,855,0,Joela,96.4,134,11,0,minus
01713751510,83.21,3922.068359375,729,0,Angeline,13.05,137,12,2,2018-09-21 01:56:36.931154+06
01711880011,195.25,10485.79296875,479,0,Maryanna,111.36666666666666,115,13,2,2018-11-14 13:27:37.065554+06
01716067916,136.65,15923.45703125,525,0,Rachelle,193.03333333333333,82,12,3,2018-11-30 05:39:11.694374+06
01740598340,98.99,13006.0029296875,717,0,Karil,103.48333333333333,151,10,2,2018-11-28 16:59:40.625114+06
01739923914,102.23,11461.3046875,605,0,Ferne,65.41666666666667,106,10,3,2018-12-08 17:41:57.230834+06
01795772058,191.62,2890.2548828125,807,0,Annadiana,181.63333333333333,180,11,3,2018-11-28 12:22:17.222294+06
01702177198,25.98,15248.5341796875,557,0,Mirabel,44.21666666666667,147,11,0,minus
01769409006,147.35,4180.8720703125,748,0,Melony,74.86666666666666,78,11,2,2018-10-04 17:40:03.323594+06
01746098565,131.61,4217.21484375,257,0,Demetra,152.93333333333334,54,13,0,minus
01760216367,102.44,5444.521484375,989,0,Willy,177.86666666666667,26,13,4,2018-10-08 04:34:38.580914+06
01730810846,183.89,4656.109375,92,0,Garnet Auerbach,89.01666666666667,183,13,0,minus
01706337521,109.39,3402.8701171875,899,0,Joane,116.61666666666666,128,12,0,minus
01719208606,1.7,2903.0048828125,355,0,Sydney,191.81666666666666,52,11,4,2018-10-08 07:49:17.356574+06
